"Este producto es increíble, me encanta la calidad y el diseño"
"El servicio al cliente fue terrible, nunca respondieron a mis quejas"
"La experiencia fue regular, nada espectacular pero funcional"
"¡Me encantó! Superó todas mis expectativas, lo recomiendo totalmente"
"Un desastre completo, perdí mi tiempo y dinero, no lo compren"
"Está bien, podría ser mejor pero cumple su función básica"
"Excelente atención, muy profesionales y amables en todo momento"
"No me gustó nada, el producto llegó dañado y no hay solución"
"Normal, ni bueno ni malo, simplemente hace lo que promete"
"La mejor compra que he hecho este año, calidad premium a buen precio"
"Deficiente en todos los aspectos, no volvería a comprar jamás"
"Aceptable para el precio que tiene, aunque hay detalles que mejorar"
"Fantástico, funciona perfectamente y el acabado es impecable"
"Pésima experiencia, desde el pedido hasta la entrega un caos total"
"Correcto, sin más, cumple con lo que se espera de él"